{"cameraMode":{"drawMode":0,"name":"Shaded","section":"Shading Mode"},"sceneLighting":false,"audioPlay":false,"sceneViewState":{"m_AlwaysRefresh":true,"showFog":true,"showSkybox":false,"showFlares":true,"showImageEffects":true,"showParticleSystems":true,"showVisualEffectGraphs":true,"m_FxEnabled":true},"in2DMode":false,"pivot":{"x":-0.6899999380111694,"y":2.032876968383789,"z":-2.9000000953674318},"rotation":{"x":0.11855532228946686,"y":0.0207381471991539,"z":-0.001451960764825344,"w":0.9929614067077637},"size":1.8451764583587647,"orthographic":false}