{"cameraMode":{"drawMode":0,"name":"Shaded","section":"Shading Mode"},"sceneLighting":false,"audioPlay":false,"sceneViewState":{"m_AlwaysRefresh":true,"showFog":true,"showSkybox":false,"showFlares":true,"showImageEffects":true,"showParticleSystems":true,"showVisualEffectGraphs":true,"m_FxEnabled":true},"in2DMode":false,"pivot":{"x":1.9218509197235108,"y":2.0087521076202394,"z":-3.349987268447876},"rotation":{"x":0.05366406962275505,"y":0.017057843506336213,"z":0.000808156153652817,"w":-0.9985098838806152},"size":2.7026963233947756,"orthographic":false}