{"cameraMode":{"drawMode":0,"name":"Shaded","section":"Shading Mode"},"sceneLighting":true,"audioPlay":false,"sceneViewState":{"m_AlwaysRefresh":true,"showFog":true,"showSkybox":true,"showFlares":true,"showImageEffects":true,"showParticleSystems":true,"showVisualEffectGraphs":true,"m_FxEnabled":true},"in2DMode":false,"pivot":{"x":0.20773309469223023,"y":2.3047351837158205,"z":-0.6800141334533691},"rotation":{"x":0.5696671605110169,"y":0.06187764182686806,"z":-0.04187905788421631,"w":0.8187536597251892},"size":7.862818241119385,"orthographic":false}