{"cameraMode":{"drawMode":0,"name":"Shaded","section":"Shading Mode"},"sceneLighting":true,"audioPlay":false,"sceneViewState":{"m_AlwaysRefresh":true,"showFog":true,"showSkybox":true,"showFlares":true,"showImageEffects":true,"showParticleSystems":true,"showVisualEffectGraphs":true,"m_FxEnabled":true},"in2DMode":false,"pivot":{"x":-3.036823272705078,"y":1.3454632759094239,"z":2.943772554397583},"rotation":{"x":0.3834972083568573,"y":0.10697868466377258,"z":-0.04450277239084244,"w":0.9163913726806641},"size":0.8934982419013977,"orthographic":false}