{"cameraMode":{"drawMode":0,"name":"Shaded","section":"Shading Mode"},"sceneLighting":true,"audioPlay":false,"sceneViewState":{"m_AlwaysRefresh":true,"showFog":true,"showSkybox":true,"showFlares":true,"showImageEffects":true,"showParticleSystems":true,"showVisualEffectGraphs":true,"m_FxEnabled":true},"in2DMode":false,"pivot":{"x":0.3318781852722168,"y":0.8820924758911133,"z":-3.484706163406372},"rotation":{"x":-0.451164573431015,"y":0.029912203550338746,"z":-0.015245380811393261,"w":-0.8919172286987305},"size":13.266520500183106,"orthographic":false}