{"cameraMode":{"drawMode":0,"name":"Shaded","section":"Shading Mode"},"sceneLighting":true,"audioPlay":false,"sceneViewState":{"m_AlwaysRefresh":true,"showFog":true,"showSkybox":true,"showFlares":true,"showImageEffects":true,"showParticleSystems":true,"showVisualEffectGraphs":true,"m_FxEnabled":true},"in2DMode":false,"pivot":{"x":-0.7159904837608337,"y":1.281193494796753,"z":0.08518264442682266},"rotation":{"x":-0.31676313281059267,"y":0.6252442598342896,"z":-0.30831772089004519,"w":-0.6433612704277039},"size":1.9299991130828858,"orthographic":false}