{"cameraMode":{"drawMode":0,"name":"Shaded","section":"Shading Mode"},"sceneLighting":false,"audioPlay":false,"sceneViewState":{"m_AlwaysRefresh":true,"showFog":true,"showSkybox":false,"showFlares":true,"showImageEffects":true,"showParticleSystems":true,"showVisualEffectGraphs":true,"m_FxEnabled":true},"in2DMode":false,"pivot":{"x":0.9810957908630371,"y":1.6824207305908204,"z":-0.2829519510269165},"rotation":{"x":-0.42109137773513796,"y":-0.08767563104629517,"z":0.04094598442316055,"w":-0.9019110202789307},"size":1.8864554166793824,"orthographic":false}