{"cameraMode":{"drawMode":0,"name":"Shaded","section":"Shading Mode"},"sceneLighting":true,"audioPlay":false,"sceneViewState":{"m_AlwaysRefresh":true,"showFog":true,"showSkybox":false,"showFlares":true,"showImageEffects":true,"showParticleSystems":true,"showVisualEffectGraphs":true,"m_FxEnabled":true},"in2DMode":false,"pivot":{"x":0.03243422508239746,"y":0.9982005953788757,"z":0.04725366830825806},"rotation":{"x":-0.18343161046504975,"y":0.2989743947982788,"z":-0.05873813480138779,"w":-0.9346668124198914},"size":0.35619887709617617,"orthographic":false}